,0
0,548253.75
1,548253.75
2,407399.25
3,333239.75
4,599474.25
5,623989.5
6,293463.75
7,183077.75
8,428229.5
9,226360.5
10,900395.25
11,438882.25
12,487086.25
13,244505.75
14,391425.75
15,841932.0
16,984088.25
17,613551.25
18,611005.5
19,90971.25
20,648561.0
21,582331.0
22,1147039.75
23,161365.25
24,170077.5
25,257546.0
26,599394.0
27,426875.75
28,458162.75
29,125437.25
30,566797.5
31,583664.75
32,549144.5
33,425639.25
34,1450863.75
35,930586.0
36,82746.5
37,661708.25
38,1097986.5
39,136929.25
40,307449.75
41,487699.75
42,440559.5
43,383893.0
44,417232.5
45,684684.0
46,842434.25
47,582491.25
48,863689.5
49,477758.25
50,120685.25
51,1099778.75
52,681515.5
53,153515.25
54,644302.0
55,343448.25
56,488632.25
57,903700.0
58,204058.0
59,346446.5
60,615022.0
61,392793.0
62,319754.0
63,983702.25
64,574912.0
65,355001.25
66,877957.25
67,432872.75
68,394548.5
69,710337.75
70,751970.5
71,534144.0
72,914411.0
73,-57116.25
74,398178.25
75,787225.25
76,679376.0
77,138743.0
78,238668.5
79,337678.75
80,384167.75
81,794371.25
82,583456.75
83,931025.75
84,1166527.75
85,254444.75
86,761043.5
87,428385.5
88,36560.25
89,531270.5
90,286042.5
91,486518.0
92,486518.0
93,492648.0
94,312797.75
95,848659.0
96,518046.5
97,325320.5
98,603975.0
99,528191.5
100,411150.25
101,956826.5
102,82125.25
103,397777.75
104,25308.75
105,437905.0
106,788535.75
107,615059.0
108,268129.75
109,182024.0
110,709559.5
111,1543202.25
112,755157.0
113,136612.5
114,279364.25
115,434291.75
116,579185.0
117,1388708.5
118,572897.5
119,30284.0
120,329214.5
121,847240.25
122,1387120.25
123,681861.5
124,608096.0
125,241209.5
126,270282.75
127,641925.0
128,313246.75
129,5329.75
130,468891.5
131,48921.25
132,380443.75
133,730965.0
134,176782.5
135,602574.0
136,783613.5
137,384135.5
138,192258.75
139,611537.75
140,321159.75
141,726545.25
142,110088.75
143,343740.0
144,1160466.75
145,396394.5
146,170759.5
147,492350.25
148,234873.25
149,241382.5
150,367150.0
151,483480.5
152,588980.25
153,606541.75
154,1022555.0
155,538207.5
156,747212.5
157,522182.0
158,166613.75
159,569178.5
160,675772.0
161,351415.0
162,295658.75
163,658761.5
164,405075.0
165,518197.75
166,584406.25
167,361700.0
168,467764.0
169,1615752.5
170,95032.5
171,493846.25
172,538393.75
173,514634.75
174,495929.5
175,732314.75
176,436120.25
177,282492.5
178,227554.0
179,248232.0
180,1589625.75
181,1252220.5
182,1177974.5
183,703015.25
184,1555501.25
185,576224.0
186,505809.25
187,81105.75
188,659934.25
189,420647.5
190,412516.75
191,715630.75
192,327642.0
193,327642.0
194,456012.5
195,521233.25
196,474563.0
197,636475.25
198,620940.0
199,418533.25
200,184880.0
201,373152.25
202,494637.25
203,1002730.5
204,1051951.75
205,179448.0
206,199978.25
207,456776.5
208,993775.25
209,272597.5
210,142313.25
211,588119.5
212,513623.25
213,129623.75
214,168200.75
215,807878.5
216,121372.25
217,600982.0
218,1323723.5
219,250472.5
220,294537.0
221,717711.5
222,436248.0
223,1173525.25
224,803387.0
225,289289.25
226,800051.0
227,340128.75
228,221517.5
229,643292.25
230,526482.0
231,837224.25
232,860465.25
233,54117.5
234,381415.5
235,525770.0
236,528597.0
237,611909.0
238,187005.25
239,437725.75
240,857871.5
241,281681.25
242,652632.5
243,150289.5
244,333275.5
245,408891.25
246,132489.25
247,499979.75
248,965738.0
249,587893.0
250,501053.25
251,858753.0
252,246856.0
253,403367.0
254,330839.25
255,436645.25
256,595258.75
257,403973.0
258,482372.75
259,426838.0
260,426096.75
261,858742.5
262,589073.25
263,522189.25
264,188197.25
265,748521.75
266,444363.0
267,213241.25
268,2291226.75
269,310339.0
270,1041027.25
271,1065833.5
272,59947.0
273,834922.25
274,656089.25
275,461636.75
276,1286352.0
277,310259.75
278,395877.25
279,1049064.0
280,926454.75
281,530852.25
282,184720.0
283,204123.25
284,616333.25
285,796561.75
286,73447.75
287,503468.0
288,252231.5
289,469513.0
290,6414.0
291,6414.0
292,794342.0
293,109654.5
294,489093.25
295,893419.75
296,826323.25
297,456445.25
298,973098.25
299,453143.0
300,537071.25
301,346674.25
302,355975.0
303,741997.0
304,1065391.0
305,370876.0
306,1098440.5
307,612845.0
308,231418.25
309,218430.75
310,1259871.25
311,1055438.25
312,127812.25
313,127812.25
314,127812.25
315,69722.0
316,586874.0
317,354931.0
318,971445.75
319,569213.5
320,244344.5
321,209453.0
322,630357.0
323,175137.25
324,174718.0
325,261361.5
326,420635.5
327,194923.25
328,497207.25
329,510326.75
330,119645.5
331,401248.0
332,605163.5
333,97306.5
334,379684.0
335,494053.75
336,1132075.5
337,539175.5
338,162197.75
339,1051788.75
340,546847.5
341,184979.25
342,952780.75
343,611142.25
344,389516.75
345,270894.25
346,446839.5
347,510314.75
348,868543.75
349,454064.75
350,751302.0
351,450682.5
352,503928.5
353,513704.5
354,158418.5
355,166041.75
356,596130.75
357,1510018.5
358,941881.5
359,991636.5
360,515837.75
361,203486.75
362,482133.5
363,562348.0
364,601981.0
365,779085.0
366,688805.0
367,1330086.25
368,263735.75
369,332641.0
370,934271.75
371,247896.5
372,365910.0
373,514921.0
374,212557.75
375,769656.25
376,984418.75
377,565871.0
378,605931.25
379,437766.25
380,649342.0
381,464135.75
382,582093.25
383,171852.75
384,465954.25
385,492491.0
386,466994.75
387,810418.75
388,759683.25
389,1510330.75
390,272781.0
391,908948.5
392,476194.0
393,504074.75
394,292576.0
395,240108.25
396,849151.5
397,405785.25
398,657216.5
399,780599.75
400,1073015.0
401,422674.75
402,670584.0
403,268692.5
404,206591.25
405,307741.75
406,788275.75
407,339887.25
408,352818.75
409,391484.75
410,465303.75
411,313453.75
412,444270.0
413,945338.25
414,248766.0
415,501002.5
416,79621.75
417,723224.25
418,394629.25
419,854170.5
420,467033.25
421,927951.75
422,747069.25
423,779934.25
424,207239.75
425,359196.5
426,581071.0
427,107070.5
428,361717.5
429,448285.5
430,491068.75
431,767898.5
432,186651.25
433,848186.25
434,442632.75
435,504889.0
436,439760.5
437,843714.0
438,462043.75
439,428231.5
440,641049.75
441,547398.5
442,617544.75
443,619328.0
444,796321.5
445,373175.5
446,257877.25
447,381241.25
448,365872.25
449,402009.75
450,280049.0
451,836747.25
452,755326.25
453,684239.0
454,874535.0
455,256118.25
456,469006.0
457,249003.5
458,598537.75
459,286838.0
460,560747.75
461,69693.0
462,635924.5
463,57418.75
464,367865.25
465,571338.25
466,1291137.5
467,548397.75
468,370320.75
469,546155.5
470,400258.5
471,392555.75
472,126088.5
473,498405.75
474,498405.75
475,396922.25
476,537990.75
477,2070566.0
478,334388.5
479,527962.75
480,810460.25
481,138056.25
482,388516.25
483,498546.75
484,536698.0
485,536566.0
486,926598.0
487,206125.75
488,1212406.5
489,908336.5
490,912944.75
491,465101.0
492,100235.0
493,342632.0
494,237424.75
495,688167.5
496,830256.75
497,941648.5
498,285432.5
499,435640.75
500,277343.5
501,932833.0
502,466716.25
503,395857.0
504,494061.25
505,460266.75
506,377012.75
507,366478.75
508,274727.75
509,418302.0
510,426162.75
511,439434.5
512,516058.75
513,565967.0
514,484847.0
515,459097.25
516,496730.75
517,199569.5
518,484851.25
519,728325.5
520,224638.5
521,150947.0
522,574127.0
523,724340.75
524,313338.5
525,969886.0
526,659323.25
527,803341.75
528,535628.5
529,208873.25
530,235553.25
531,779451.25
532,505423.0
533,657961.75
534,376596.0
535,430812.0
536,253081.0
537,940817.75
538,717522.25
539,466032.5
540,272758.0
541,587585.75
542,731206.5
543,537578.0
544,682913.25
545,552434.25
546,258431.25
547,610604.5
548,1521105.75
549,285560.5
550,140947.25
551,63346.5
552,441381.5
553,301650.75
554,791361.25
555,104366.25
556,798085.75
557,82998.75
558,479523.25
559,460941.25
560,662059.5
561,452725.0
562,452725.0
563,519126.75
564,798871.75
565,538073.25
566,588419.5
567,354280.0
568,620929.0
569,901753.25
570,405803.5
571,411990.0
572,224454.25
573,598069.25
574,455267.5
575,429979.5
576,737586.5
577,290974.5
578,253533.0
579,364107.75
580,408894.25
581,453201.75
582,962909.0
583,210759.0
584,255505.5
585,451783.75
586,567283.0
587,446019.25
588,500974.0
589,704835.0
590,416369.25
591,458754.75
592,461532.5
593,532414.25
594,304717.25
595,680234.25
596,159085.5
597,178771.75
598,635320.75
599,595518.25
600,396389.75
601,590615.5
602,105873.75
603,295979.0
604,743349.75
605,1465091.5
606,268353.75
607,1007966.25
608,382174.75
609,2737608.5
610,767416.0
611,133259.0
612,1592849.25
613,897043.25
614,1091296.0
615,710884.25
616,182274.0
617,180399.0
618,370069.75
619,329003.75
620,452206.25
621,590758.25
622,364733.0
623,363328.5
624,298733.0
625,270051.25
626,789522.0
627,445085.25
628,339744.5
629,1026274.5
630,493977.25
631,482219.25
632,165560.25
633,582267.25
634,476611.0
635,564110.25
636,174560.5
637,309662.5
638,469485.5
639,384882.75
640,1813831.0
641,589170.0
642,690568.5
643,218495.75
644,120615.5
645,856538.0
646,456035.75
647,505926.75
648,1080535.75
649,407965.75
650,541724.25
651,1091188.0
652,613370.75
653,55204.25
654,991780.25
655,299655.0
656,200562.75
657,313999.5
658,493166.5
659,952556.5
660,297445.0
661,416372.5
662,928130.0
663,761693.75
664,361887.0
665,724851.25
666,1139643.0
667,653281.0
668,782542.0
669,16616.25
670,1081843.5
671,208487.5
672,914744.0
673,612517.75
674,97912.25
675,346946.75
676,278283.25
677,623256.75
678,335589.5
679,502964.0
680,566603.0
681,404673.5
682,403683.5
683,400280.0
684,205456.75
685,515211.5
686,323999.25
687,313181.5
688,527612.5
689,537060.75
690,1481980.5
691,372565.0
692,433668.5
693,249591.25
694,292949.25
695,451399.25
696,242531.75
697,411691.5
698,297900.0
699,602334.0
700,295248.75
701,258462.75
702,331541.0
703,342015.0
704,495253.25
705,1563699.25
706,182265.5
707,563785.75
708,182436.0
709,522075.75
710,255116.5
711,644810.25
712,862287.5
713,476812.0
714,1155118.5
715,1421051.5
716,181685.0
717,746441.5
718,347856.75
719,607616.5
720,576904.5
721,578155.5
722,591567.75
723,285673.25
724,248943.75
725,702220.0
726,578463.75
727,387788.75
728,254353.5
729,413289.5
730,195618.0
731,851492.0
732,613184.25
733,964071.75
734,782598.75
735,579858.5
736,533433.25
737,515090.0
738,321643.5
739,512437.5
740,457182.0
741,545014.75
742,5352.25
743,579533.5
744,707179.75
745,285446.75
746,401599.75
747,1020494.75
748,452083.25
749,333257.5
750,426476.5
751,835391.5
752,258595.75
753,389974.25
754,259563.75
755,700278.0
756,398456.0
757,244366.5
758,569532.5
759,207017.5
760,688584.75
761,486751.0
762,19227.25
763,751952.0
764,354967.25
765,458568.0
766,888242.5
767,1416449.25
768,216116.75
769,142901.5
770,703274.0
771,500869.25
772,539411.75
773,102658.75
774,175561.0
775,258648.0
776,628465.25
777,511146.75
778,338474.75
779,1716150.0
780,489045.75
781,1015772.25
782,792426.75
783,876461.25
784,269223.0
785,1200170.75
786,492886.0
787,400683.75
788,418172.25
789,940122.75
790,558569.75
791,225584.25
792,552885.0
793,945082.5
794,94795.5
795,440531.5
796,714875.75
797,726099.5
798,386853.25
799,317285.75
800,291204.0
801,528656.25
802,15502.5
803,689308.5
804,518013.0
805,622332.0
806,291089.0
807,876360.0
808,883523.0
809,151274.25
810,721320.5
811,1616168.0
812,164926.0
813,719692.5
814,395530.5
815,669494.5
816,170323.25
817,278639.0
818,195869.0
819,752230.0
820,69238.25
821,910602.75
822,158834.0
823,357970.25
824,576720.25
825,558367.25
826,263919.5
827,578326.75
828,567914.5
829,580508.5
830,1072407.5
831,602102.75
832,644449.25
833,160366.75
834,255019.75
835,219310.25
836,270803.25
837,656079.0
838,427845.5
839,365462.25
840,722503.75
841,474149.75
842,569185.25
843,906797.25
844,475484.5
845,551284.0
846,658003.75
847,651609.5
848,697122.5
849,648493.25
850,394009.25
851,304651.0
852,477001.0
853,459654.25
854,831208.0
855,436296.5
856,1558974.0
857,504764.0
858,290022.25
859,609655.25
860,320935.0
861,418699.75
862,819686.25
863,364980.0
864,884459.75
865,473774.75
866,447461.5
867,403130.75
868,724949.25
869,533695.5
870,393592.75
871,774463.75
872,427801.25
873,684384.25
874,373387.5
875,244226.0
876,225765.25
877,351728.0
878,153298.0
879,611469.0
880,565011.75
881,362280.25
882,171910.75
883,475061.5
884,517076.5
885,790697.0
886,142279.0
887,863074.75
888,417957.5
889,470930.0
890,559991.75
891,141968.0
892,708888.0
893,1318948.5
894,376621.75
895,1040091.0
896,324715.5
897,233215.5
898,716168.25
899,788004.75
900,311733.75
901,180354.75
902,468942.0
903,568725.5
904,355435.75
905,677472.0
906,986693.75
907,447010.25
908,455946.5
909,1922196.5
910,1150591.75
911,299236.5
912,1183891.5
913,248892.0
914,962030.5
915,456860.5
916,1472550.75
917,679562.25
918,1916896.5
919,1034205.5
920,236118.25
921,502132.5
922,249883.25
923,385934.0
924,321861.0
925,369196.0
926,598616.25
927,394113.25
928,296466.25
929,350347.75
930,165590.5
931,227941.25
932,665258.5
933,706538.0
934,482428.5
935,504729.0
936,1303579.5
937,457645.25
938,175394.0
939,508226.0
940,320004.5
941,223901.0
942,510252.75
943,464241.75
944,464241.75
945,289148.25
946,367866.0
947,552082.75
948,794905.0
949,502976.5
950,747707.25
951,507691.25
952,653654.5
953,612649.75
954,305337.0
955,341703.5
956,329713.0
957,241816.75
958,771185.75
959,514081.75
960,425713.25
961,209839.5
962,623534.25
963,376375.5
964,394457.75
965,519020.25
966,1056777.5
967,621820.75
968,246890.25
969,609988.5
970,496301.0
971,700821.5
972,249725.25
973,439654.25
974,359745.0
975,140595.25
976,1338169.75
977,422692.0
978,267100.25
979,511173.75
980,166443.25
981,159270.5
982,931196.5
983,1161499.5
984,361039.0
985,1108293.25
986,358427.75
987,494622.0
988,350509.25
989,405512.25
990,938998.0
991,1017753.75
992,374717.0
993,490145.25
994,206200.5
995,430524.25
996,657081.75
997,1601799.5
998,898382.75
999,398381.25
1000,287776.5
1001,911755.25
1002,378512.0
1003,206467.75
1004,569891.0
1005,443197.75
1006,66528.0
1007,492495.0
1008,486409.25
1009,592252.0
1010,896240.75
1011,511503.25
1012,2385478.5
1013,210579.0
1014,1092408.75
1015,535967.5
1016,583197.0
1017,596812.75
1018,318284.25
1019,574672.25
1020,483536.5
1021,598678.75
1022,506444.75
1023,771278.5
1024,429391.25
1025,352989.5
1026,748832.25
1027,784972.5
1028,507854.75
1029,895059.25
1030,350908.5
1031,159014.75
1032,717288.0
1033,69209.0
1034,694076.0
1035,212357.5
1036,282730.5
1037,1044369.25
1038,1931560.0
1039,519075.5
1040,472359.75
1041,542146.5
1042,320292.75
1043,710661.0
1044,591772.25
1045,560436.5
1046,285314.0
1047,796546.75
1048,238872.5
1049,417932.0
1050,402927.75
1051,714549.0
1052,467397.0
1053,456460.0
1054,346783.75
1055,267121.25
1056,594235.75
1057,291929.25
1058,251258.75
1059,377785.5
1060,899233.0
1061,281970.75
1062,224228.75
1063,273335.75
1064,533493.75
1065,524199.5
1066,246608.25
1067,819205.0
1068,594814.25
1069,198500.5
1070,335777.75
1071,233795.5
1072,699337.5
1073,604225.0
1074,261203.5
1075,450551.75
1076,1454514.75
1077,801750.5
1078,440847.75
1079,385530.0
1080,325700.75
1081,228463.5
1082,543657.0
1083,582261.25
1084,188345.0
1085,1148165.75
1086,221919.75
1087,420289.0
1088,859346.5
1089,-82620.5
1090,131055.0
1091,480173.0
1092,1088881.75
1093,408977.0
1094,936936.25
1095,335283.0
1096,365195.25
1097,863080.5
1098,675449.75
1099,679918.25
1100,677509.0
1101,201511.25
1102,891279.0
1103,1109074.25
1104,222885.75
1105,692014.0
1106,230544.75
1107,242570.5
1108,214608.75
1109,255415.25
1110,1153243.75
1111,461343.25
1112,1001882.75
1113,133967.5
1114,655661.25
1115,657620.5
1116,327026.75
1117,1040794.5
1118,862425.75
1119,1718611.75
1120,699996.5
1121,570715.5
1122,1414917.25
1123,338942.5
1124,980834.75
1125,1032075.5
1126,599456.25
1127,166133.0
1128,647108.0
1129,337265.0
1130,345911.75
1131,220615.75
1132,27442.0
1133,620186.5
1134,194423.5
1135,407740.0
1136,938296.25
1137,1446309.5
1138,602098.5
1139,264669.5
1140,298124.25
1141,568658.5
1142,1317894.5
1143,189602.0
1144,787408.5
1145,702318.5
1146,214538.75
1147,791050.25
1148,532606.5
1149,481366.0
1150,311468.75
1151,455019.75
1152,566314.0
1153,792444.0
1154,382469.25
1155,365434.75
1156,270824.0
1157,632402.25
1158,327548.5
1159,455108.75
1160,326192.0
1161,818215.75
1162,444134.5
1163,148110.25
1164,927938.5
1165,1913871.75
1166,261097.0
1167,450495.5
1168,587524.25
1169,367589.5
1170,1159085.5
1171,855897.25
1172,222347.0
1173,400566.75
1174,172208.75
1175,536388.25
1176,242758.25
1177,316166.5
1178,140625.75
1179,264510.75
1180,115990.5
1181,774466.25
1182,159001.25
1183,550192.0
1184,650422.5
1185,735464.0
1186,388940.0
1187,2260728.5
1188,128958.25
1189,264037.75
1190,383035.5
1191,62769.25
1192,1871320.0
1193,542594.5
1194,331161.5
1195,956743.5
1196,242644.25
1197,414733.0
1198,528265.25
1199,401528.25
1200,636356.25
1201,622889.75
1202,634946.0
1203,652041.5
1204,768173.75
1205,722275.0
1206,276674.75
1207,243269.0
1208,52572.5
1209,766271.0
1210,306734.0
1211,440643.5
1212,466031.75
1213,463541.75
1214,476063.5
1215,689095.25
1216,585637.0
1217,606817.25
1218,48182.75
1219,715273.25
1220,485388.0
1221,1593303.25
1222,1063938.75
1223,267775.25
1224,222633.0
1225,399445.0
1226,782486.5
1227,556401.5
1228,245508.25
1229,854634.75
1230,772444.5
1231,622135.25
1232,356330.25
1233,720284.25
1234,357101.75
1235,606186.5
1236,622936.75
1237,129091.5
1238,248991.5
1239,911206.5
1240,345680.75
1241,572431.75
1242,460147.25
1243,528682.75
1244,502975.25
1245,1371308.25
1246,674927.25
1247,149098.5
1248,504029.25
1249,562329.25
1250,356879.25
1251,490478.5
1252,598802.75
1253,890992.25
1254,619195.25
1255,264340.0
1256,378357.5
1257,541503.0
1258,825934.25
1259,131305.75
1260,619477.5
1261,618682.0
1262,761084.25
1263,302818.5
1264,777765.75
1265,807302.5
1266,2177669.25
1267,436374.25
1268,181441.75
1269,472603.5
1270,476630.0
1271,378087.5
1272,580179.75
1273,723077.5
1274,55950.5
1275,55950.5
1276,120740.0
1277,656935.75
1278,985400.25
1279,438658.75
1280,675611.5
1281,151297.0
1282,282829.5
1283,663807.5
1284,481566.25
1285,777149.25
1286,206704.5
1287,354025.25
1288,261973.25
1289,73307.75
1290,465909.0
1291,416270.0
1292,365929.25
1293,678135.5
1294,269528.5
1295,575584.25
1296,251082.0
1297,212336.0
1298,1122848.0
1299,676863.75
1300,275519.0
1301,479353.25
1302,683399.25
1303,523526.75
1304,1797510.0
1305,162821.75
1306,606956.0
1307,1040018.0
1308,456012.25
1309,642694.5
1310,143010.0
1311,489525.5
1312,368055.75
1313,685166.5
1314,447654.0
1315,239510.5
1316,1536915.0
1317,1396329.75
1318,435782.25
1319,620481.75
1320,187280.75
1321,269997.0
1322,540081.5
1323,446469.25
1324,525545.75
1325,417693.75
1326,328922.0
1327,481881.0
1328,424657.5
1329,636469.0
1330,311040.25
1331,572702.25
1332,538878.5
1333,649497.0
1334,622062.5
1335,635168.0
1336,996540.25
1337,157691.0
1338,1344578.25
1339,415448.5
1340,653435.25
1341,1403231.0
1342,747578.0
1343,565045.0
1344,578475.25
1345,61539.25
1346,692498.75
1347,111483.75
1348,606891.75
1349,452647.25
1350,510845.75
1351,763034.0
1352,385382.0
1353,817619.75
1354,358828.25
1355,438761.25
1356,202395.75
1357,477683.25
1358,362166.5
1359,576357.5
1360,451124.5
1361,819805.0
1362,525132.25
1363,378818.5
1364,202284.5
1365,845659.75
1366,670822.0
1367,224964.5
1368,479842.25
1369,596752.75
1370,409531.25
1371,736002.5
1372,398702.0
1373,414139.5
1374,314854.0
1375,406884.0
1376,788175.75
1377,627808.5
1378,379392.75
1379,584095.75
1380,948972.5
1381,185160.25
1382,360566.0
1383,450574.0
1384,325964.25
1385,1121953.75
1386,509772.5
1387,331643.5
1388,374397.25
1389,291036.25
1390,620858.0
1391,174210.75
1392,471807.75
1393,512370.0
1394,407429.0
1395,528805.75
1396,657597.5
1397,359610.25
1398,632040.5
1399,379276.5
1400,426449.75
1401,262461.75
1402,670683.25
1403,190334.5
1404,734085.75
1405,501579.25
1406,710222.25
1407,406454.5
1408,386086.0
1409,436777.25
1410,816692.0
1411,933612.25
1412,429244.0
1413,414289.75
1414,414289.75
1415,336948.75
1416,336948.75
1417,247246.75
1418,845393.0
1419,612263.5
1420,298311.5
1421,125695.75
1422,253835.0
1423,225992.75
1424,446473.0
1425,1218383.5
1426,1039868.5
1427,61760.0
1428,822804.75
1429,282290.75
1430,271810.25
1431,657058.75
1432,1541121.5
1433,57656.25
1434,587508.5
1435,163803.75
1436,811317.0
1437,150553.0
1438,77071.5
1439,332866.75
1440,765337.75
1441,967236.25
1442,407291.0
1443,431086.0
1444,480891.0
1445,378948.25
1446,457123.25
1447,543578.0
1448,255086.5
1449,363496.5
1450,582528.75
1451,520464.75
1452,244714.75
1453,427856.25
1454,729423.5
1455,167880.75
1456,722713.0
1457,258988.75
1458,1111027.25
1459,153084.5
1460,561452.5
1461,143348.25
1462,800111.0
1463,447958.75
1464,690804.75
1465,731498.25
1466,698899.75
1467,857262.5
1468,727242.0
1469,557928.25
1470,701351.0
1471,560925.75
1472,289519.5
1473,289519.5
1474,759387.25
1475,419960.25
1476,591119.0
1477,600480.75
1478,1703550.0
1479,592946.25
1480,1325936.5
1481,283140.75
1482,232957.25
1483,259123.25
1484,584408.0
1485,1022074.0
1486,961086.5
1487,472683.5
1488,161967.75
1489,870545.0
1490,435158.0
1491,439672.0
1492,1216462.75
1493,724773.5
1494,457162.75
1495,484377.5
1496,174445.75
1497,696026.25
1498,282073.0
1499,486663.0
1500,598299.5
1501,1765815.25
1502,947434.25
1503,2304950.25
1504,831653.25
1505,510822.5
1506,496467.0
1507,332131.0
1508,518465.0
1509,280289.25
1510,527183.25
1511,275893.25
1512,801439.75
1513,536634.75
1514,371439.0
1515,528020.25
1516,1030172.5
1517,505460.75
1518,229476.25
1519,439509.0
1520,573496.5
1521,38447.75
1522,344090.25
1523,541155.25
1524,878922.25
1525,526814.75
1526,152928.0
1527,529121.25
1528,567830.75
1529,416326.5
1530,432835.0
1531,421838.25
1532,596351.25
1533,683789.0
1534,421053.0
1535,589009.25
1536,816182.75
1537,691632.75
1538,1686010.25
1539,788272.25
1540,444805.25
1541,788443.0
1542,718997.0
1543,542555.25
1544,313724.25
1545,274246.25
1546,660293.0
1547,128971.0
1548,471879.5
1549,232322.5
1550,473960.75
1551,216096.0
1552,222265.75
1553,541917.0
1554,843312.5
1555,614596.0
1556,365820.25
1557,239354.75
1558,1296546.75
1559,785590.75
1560,995783.5
1561,789998.25
1562,327393.5
1563,499736.25
1564,492328.5
1565,369093.5
1566,241668.5
1567,440476.0
1568,305452.5
1569,287059.25
1570,779448.5
1571,926110.5
1572,758925.0
1573,448750.5
1574,765904.25
1575,214807.0
1576,1256534.25
1577,821818.0
1578,881320.75
1579,422007.75
1580,530398.75
1581,76605.25
1582,373177.0
1583,306214.75
1584,377595.0
1585,1684647.5
1586,1121657.75
1587,235627.25
1588,373735.75
1589,690810.5
1590,118001.25
1591,485606.0
1592,1553422.5
1593,269107.5
1594,621759.0
1595,371596.25
1596,523117.5
1597,657439.25
1598,320154.5
1599,262017.25
1600,1419614.5
1601,391859.0
1602,1987505.25
1603,672255.25
1604,452208.0
1605,160027.0
1606,867500.0
1607,288283.0
1608,311427.25
1609,593999.25
1610,375227.75
1611,455137.75
1612,521617.5
1613,459275.75
1614,700096.0
1615,354926.5
1616,524767.0
1617,689484.0
1618,16946.0
1619,294862.0
1620,749449.25
1621,819324.0
1622,2125546.0
1623,108425.75
1624,1661585.5
1625,159369.5
1626,606360.75
1627,184446.0
1628,602975.75
1629,633026.5
1630,472511.5
1631,597903.25
1632,524938.0
1633,805241.0
1634,796072.25
1635,405144.25
1636,890490.0
1637,573721.25
1638,446770.0
1639,603601.25
1640,497021.0
1641,469252.25
1642,493212.5
1643,170739.75
1644,282647.25
1645,471959.0
1646,461423.0
1647,266062.5
1648,325297.25
1649,-26216.25
1650,334416.0
1651,1047217.75
1652,155921.5
1653,729261.5
1654,274496.25
1655,520591.25
1656,207784.5
1657,280860.0
1658,875457.0
1659,420128.5
1660,274831.5
1661,537995.25
1662,313078.0
1663,371514.5
1664,253410.75
1665,1064828.25
1666,269774.5
1667,749394.75
1668,747441.0
1669,414150.5
1670,362621.75
1671,597360.25
1672,491463.5
1673,361827.0
1674,793895.0
1675,237055.25
1676,442069.5
1677,331864.5
1678,919876.0
1679,695158.0
1680,548478.75
1681,862316.25
1682,460866.0
1683,585039.25
1684,939262.25
1685,1558398.75
1686,690762.5
1687,571467.5
1688,599010.75
1689,617804.75
1690,999057.0
1691,191744.0
1692,509433.5
1693,231476.25
1694,947236.75
1695,463559.25
1696,104619.25
1697,356410.75
1698,91925.0
1699,275431.25
1700,703550.75
1701,1265721.25
1702,1265721.25
1703,453287.0
1704,221631.5
1705,126511.5
1706,471327.25
1707,179430.75
1708,96358.0
1709,494829.0
1710,496135.0
1711,1031337.25
1712,959067.0
1713,424936.0
1714,438213.5
1715,309000.0
1716,531423.0
1717,556405.5
1718,410887.0
1719,331581.5
1720,837206.25
1721,467569.0
1722,742714.75
1723,517116.75
1724,695016.25
1725,728561.5
1726,563385.25
1727,1802496.75
1728,165094.5
1729,245288.5
1730,398399.0
1731,317989.5
1732,716652.0
1733,515343.25
1734,808228.0
1735,480621.5
1736,722363.75
1737,893329.75
1738,345785.0
1739,706730.75
1740,496579.25
1741,689799.0
1742,421640.0
1743,712749.0
1744,281042.5
1745,540329.25
1746,304650.75
1747,262144.0
1748,201080.25
1749,926770.25
1750,194384.0
1751,703775.5
1752,643030.25
1753,668986.5
1754,306645.0
1755,335538.75
1756,995107.0
1757,419994.5
1758,304775.5
1759,1147227.5
1760,789083.75
1761,158358.75
1762,295900.0
1763,855385.75
1764,57255.75
1765,1177628.5
1766,541540.5
1767,454275.5
1768,341545.0
1769,165360.75
1770,186315.0
1771,525441.0
1772,346108.25
1773,653050.0
1774,556392.75
1775,340274.0
1776,519786.5
1777,642207.0
1778,1323659.0
1779,353793.5
1780,209852.5
1781,669268.75
1782,591307.0
1783,588201.25
1784,394677.75
1785,121665.0
1786,26129.25
1787,315304.25
1788,817752.25
1789,380649.5
1790,831801.75
1791,521966.5
1792,552316.75
1793,913701.25
1794,370884.25
1795,595132.0
1796,527467.25
1797,210049.75
1798,1067220.75
1799,331300.5
1800,231269.0
1801,1184889.5
1802,65550.75
1803,529457.0
1804,252222.0
1805,677764.0
1806,343477.0
1807,610449.25
1808,139958.5
1809,820340.0
1810,418334.25
1811,688894.25
1812,853097.5
1813,509522.0
1814,1284860.5
1815,426526.25
1816,477849.75
1817,396300.75
1818,1483793.25
1819,604323.5
1820,641029.75
1821,190721.25
1822,384001.75
1823,415312.0
1824,771395.25
1825,129393.0
1826,370007.5
1827,737516.0
1828,248477.25
1829,611551.0
1830,422958.5
1831,133748.5
1832,141367.5
1833,929733.5
1834,501807.75
1835,385249.5
1836,207316.25
1837,710410.25
1838,452988.25
1839,389592.0
1840,993084.5
1841,187806.5
1842,891274.0
1843,806680.75
1844,311078.0
1845,289442.5
1846,151549.75
1847,314148.0
1848,410832.5
1849,382607.5
1850,484774.0
1851,267382.5
1852,711167.75
1853,611761.0
1854,233074.0
1855,886210.75
1856,396900.25
1857,432310.5
1858,2752901.25
1859,896115.0
1860,420343.0
1861,282709.0
1862,685724.5
1863,698147.25
1864,533487.25
1865,385417.5
1866,824689.25
1867,525034.5
1868,748145.5
1869,155478.0
1870,500164.0
1871,618869.25
1872,490537.0
1873,475661.5
1874,184199.25
1875,274561.5
1876,629160.25
1877,177233.75
1878,417694.75
1879,277764.5
1880,518548.0
1881,432665.25
1882,771864.5
1883,56432.5
1884,119460.75
1885,429782.5
1886,712230.25
1887,759156.75
1888,678526.25
1889,530797.5
1890,408387.75
1891,641761.75
1892,319072.0
1893,438069.0
1894,805596.25
1895,379732.5
1896,393582.0
1897,235426.5
1898,982105.75
1899,466617.0
1900,814784.25
1901,336266.25
1902,192189.0
1903,256100.0
1904,1075248.75
1905,225566.5
1906,913508.5
1907,647637.0
1908,807511.75
1909,485309.5
1910,500502.75
1911,1000157.75
1912,973656.25
1913,944244.25
1914,434684.5
1915,797289.0
1916,561070.25
1917,448536.0
1918,343402.75
1919,306384.5
1920,306384.5
1921,276100.5
1922,428894.75
1923,1057540.25
1924,666722.75
1925,1767635.0
1926,552473.5
1927,307079.5
1928,572406.25
1929,457826.75
1930,695633.75
1931,104528.25
1932,784699.5
1933,290491.0
1934,75421.5
1935,146967.75
1936,1317454.0
1937,291370.75
1938,213980.25
1939,428013.25
1940,285768.25
1941,1382699.75
1942,133151.0
1943,627622.75
1944,179861.0
1945,741603.25
1946,2255240.5
1947,414225.25
1948,234704.75
1949,475546.75
1950,591162.0
1951,685565.25
1952,663287.0
1953,565485.75
1954,779215.75
1955,547622.0
1956,420314.0
1957,192615.75
1958,338229.5
1959,63104.0
1960,192828.5
1961,548226.25
1962,226792.75
1963,555001.75
1964,796800.5
1965,1207788.25
1966,706573.75
1967,614056.75
1968,714538.5
1969,92071.0
1970,1096434.75
1971,231070.25
1972,1181514.0
1973,336904.5
1974,386455.0
1975,227766.75
1976,268460.0
1977,725272.0
1978,785918.0
1979,766483.25
1980,1185091.75
1981,553576.5
1982,1438607.5
1983,552961.75
1984,663579.5
1985,613407.5
1986,1173946.25
1987,219615.25
1988,487195.0
1989,160312.0
1990,570195.0
1991,749603.5
1992,327461.25
1993,414126.25
1994,271249.25
1995,170763.75
1996,798608.5
1997,312915.75
1998,192946.75
1999,596791.75
2000,376023.5
2001,583403.25
2002,571283.5
2003,251538.25
2004,151654.75
2005,1003664.25
2006,834141.25
2007,895100.5
2008,703500.0
2009,128392.0
2010,328073.75
2011,208254.0
2012,742844.25
2013,372989.0
2014,123713.25
2015,573775.0
2016,514628.75
2017,257399.0
2018,492856.5
2019,272327.5
2020,476136.75
2021,398169.75
2022,195949.75
2023,356327.75
2024,227981.75
2025,569379.5
2026,184130.25
2027,299412.25
2028,318842.75
2029,770051.75
2030,1086335.25
2031,681015.0
2032,878921.75
2033,1258669.25
2034,1215191.5
2035,965605.0
2036,173474.25
2037,1099571.5
2038,686715.25
2039,223771.5
2040,778554.25
2041,344531.75
2042,227240.0
2043,330478.25
2044,1334356.25
2045,448625.75
2046,448625.75
2047,749574.75
2048,596165.0
2049,769964.25
2050,1152036.5
2051,803380.75
2052,567509.25
2053,631726.5
2054,137773.75
2055,871404.75
2056,58111.25
2057,477493.0
2058,441453.5
2059,772225.0
2060,152900.25
2061,2291263.0
2062,590499.0
2063,636666.5
2064,380591.75
2065,449830.5
2066,631840.25
2067,1066366.75
2068,333169.0
2069,468857.75
2070,463490.5
2071,441977.0
2072,776005.0
2073,341832.0
2074,205804.25
2075,812859.75
2076,537128.0
2077,263669.25
2078,469074.5
2079,783018.75
2080,333188.0
2081,234880.5
2082,333366.0
2083,547111.5
2084,340287.75
2085,685002.25
2086,455515.0
2087,144235.25
2088,325646.25
2089,615394.75
2090,200545.5
2091,725901.0
2092,448310.75
2093,718384.75
2094,10038.25
2095,315222.5
2096,539393.0
2097,774602.25
2098,497108.5
2099,806231.0
2100,750193.5
2101,440870.75
2102,213107.5
2103,358487.0
2104,529012.25
2105,685498.75
2106,668450.0
2107,393318.25
2108,626437.25
2109,498153.0
2110,299536.75
2111,154576.5
2112,968173.5
2113,771013.0
2114,579752.75
2115,356272.75
2116,260056.5
2117,755292.0
2118,483420.25
2119,131190.25
2120,582036.0
2121,217808.25
2122,548060.25
2123,205171.75
2124,517185.5
2125,499288.5
2126,108280.5
2127,244142.25
2128,525820.5
2129,780458.0
2130,662149.25
2131,724833.25
2132,270752.5
2133,386900.5
2134,202379.25
2135,783310.25
2136,303281.75
2137,630935.75
2138,60281.75
2139,533803.75
2140,471648.0
2141,612283.5
2142,597675.25
2143,1231300.5
2144,930050.75
2145,574600.5
2146,616242.75
2147,257654.0
2148,506683.25
2149,692573.25
2150,396252.5
2151,521657.0
2152,742871.75
2153,784880.75
2154,703506.5
2155,556773.0
2156,1448169.5
2157,176295.25
2158,223189.0
2159,405093.0
2160,922095.0
2161,260677.0
2162,-21690.5
2163,380175.0
2164,1009168.25
2165,666454.5
2166,325508.0
2167,281817.75
2168,359348.75
2169,347878.25
2170,297744.75
2171,939219.25
2172,309013.0
2173,702623.5
2174,573567.25
2175,679298.5
2176,1032192.75
2177,583081.5
2178,1069022.75
2179,645294.25
2180,194176.25
2181,1338994.0
2182,118668.75
2183,362063.5
2184,580334.25
2185,358794.5
2186,167282.25
2187,229605.5
2188,220072.5
2189,930259.5
2190,818170.0
2191,443883.5
2192,135789.0
2193,341814.25
2194,1188087.5
2195,336269.5
2196,253136.75
2197,441583.25
2198,210114.25
2199,591975.0
2200,550577.25
2201,331159.25
2202,927662.0
2203,364493.0
2204,294352.25
2205,220893.75
2206,411878.0
2207,447160.75
2208,283934.75
2209,525142.5
2210,435973.5
2211,244383.75
2212,495039.75
2213,317798.5
2214,552668.0
2215,607298.0
2216,533362.25
2217,554694.25
2218,1141767.75
2219,582586.5
2220,211385.5
2221,479522.0
2222,98850.5
2223,758742.75
2224,425985.0
2225,182754.0
2226,457418.75
2227,522153.75
2228,526024.25
2229,480634.0
2230,432302.75
2231,477811.75
2232,329871.25
2233,329003.75
2234,193274.25
2235,793323.75
2236,1154747.5
2237,1100735.0
2238,611258.5
2239,1852135.25
2240,384785.25
2241,1492839.0
2242,146635.0
2243,428334.75
2244,1098782.25
2245,418593.25
2246,542712.75
2247,683905.75
2248,374916.0
2249,234974.25
2250,645336.75
2251,166730.5
2252,833147.0
2253,373853.5
2254,524594.0
2255,291141.0
2256,489668.0
2257,772310.0
2258,265783.75
2259,427986.25
2260,569268.25
2261,210125.0
2262,636181.5
2263,636181.5
2264,1263523.0
2265,511228.0
2266,855863.25
2267,410089.25
2268,1065678.5
2269,322189.25
2270,580774.75
2271,260383.25
2272,1471964.25
2273,253156.0
2274,1455930.25
2275,449408.75
2276,478481.75
2277,149774.75
2278,691988.75
2279,1219910.0
2280,580884.75
2281,501987.25
2282,427415.75
2283,381411.0
2284,224813.0
2285,645341.25
2286,889273.75
2287,343083.75
2288,108735.0
2289,489464.5
2290,748608.5
2291,242052.25
2292,254062.0
2293,939436.25
2294,628528.0
2295,375898.5
2296,695922.25
2297,795834.0
2298,254147.0
2299,203390.5
2300,135654.0
2301,509972.75
2302,125871.25
2303,220836.0
2304,714203.75
2305,351908.25
2306,335477.5
2307,-17424.25
2308,411492.25
2309,518680.75
2310,1507393.75
2311,207031.5
2312,607603.75
2313,157497.5
2314,573906.75
2315,311248.5
2316,447644.25
2317,788911.0
2318,412530.75
2319,382396.25
2320,847649.5
2321,721313.5
2322,661195.0
2323,1163610.0
2324,590597.5
2325,452647.5
2326,224163.5
2327,440367.5
2328,450439.0
2329,824155.75
2330,1017739.75
2331,82399.75
2332,1419108.5
2333,395241.5
2334,729228.5
2335,850237.5
2336,1045181.75
2337,415568.25
2338,411205.75
2339,518109.5
2340,798233.25
2341,294628.0
2342,498330.0
2343,361422.5
2344,428408.0
2345,956526.5
2346,442135.0
2347,370527.5
2348,808332.5
2349,509935.75
2350,347987.25
2351,633407.5
2352,445294.5
2353,878206.5
2354,446222.5
2355,455794.0
2356,340982.75
2357,1175667.75
2358,343872.75
2359,1586326.25
2360,174938.0
2361,489720.0
2362,300390.25
2363,429455.75
2364,244716.0
2365,381534.25
2366,634186.0
2367,572421.75
2368,661731.25
2369,551852.0
2370,378692.25
2371,379469.75
2372,384550.5
2373,566368.75
2374,409676.0
2375,402273.5
2376,367992.25
2377,1117902.0
2378,528267.5
2379,250998.75
2380,961640.5
2381,884309.25
2382,703590.25
2383,395821.25
2384,359168.5
2385,513624.75
2386,435893.25
2387,962644.5
2388,402087.5
2389,629279.25
2390,342906.75
2391,1748395.5
2392,716881.75
2393,441496.5
2394,907482.5
2395,1003086.25
2396,1075251.5
2397,479136.25
2398,441416.25
2399,378543.0
2400,509846.0
2401,250199.0
2402,232403.0
2403,612619.5
2404,393004.0
2405,219796.0
2406,298629.0
2407,331180.5
2408,639920.75
2409,630630.25
2410,487187.0
2411,598790.75
2412,540800.0
2413,428479.75
2414,425544.5
2415,304941.75
2416,860507.5
2417,807835.75
2418,1734149.25
2419,885196.75
2420,945344.75
2421,544947.0
2422,202184.75
2423,439456.75
2424,466203.75
2425,582854.5
2426,450627.75
2427,433636.25
2428,516947.0
2429,565564.5
2430,392966.75
2431,629155.0
2432,728688.25
2433,293255.5
2434,932867.0
2435,1031104.5
2436,889452.75
2437,380163.5
2438,610006.0
2439,878784.5
2440,277245.5
2441,757753.75
2442,40589.25
2443,637711.0
2444,23271.0
2445,611789.75
2446,1224373.5
2447,315297.25
2448,326580.5
2449,527510.75
2450,555978.0
2451,523412.75
2452,229658.75
2453,1114772.5
2454,655842.25
2455,316471.75
2456,964224.75
2457,654425.25
2458,693693.0
2459,430491.25
2460,322899.25
2461,850671.75
2462,677612.0
2463,797070.0
2464,219908.0
2465,526369.25
2466,517387.0
2467,456681.5
2468,1239738.25
2469,1225442.75
2470,311339.25
2471,696641.75
2472,272543.75
2473,511187.0
2474,1421893.5
2475,323951.0
2476,749206.5
2477,845799.5
2478,337014.75
2479,262237.0
2480,622161.0
2481,908193.5
2482,616743.0
2483,511257.75
2484,264096.25
2485,711530.75
2486,520055.25
2487,2068364.5
2488,456931.25
2489,757266.75
2490,661799.75
2491,547093.25
2492,447780.5
2493,550053.75
2494,537749.25
2495,376753.5
2496,192396.25
2497,434829.0
2498,272444.5
2499,654511.25
2500,1179615.25
2501,712978.25
2502,513703.5
2503,750574.25
2504,486857.5
2505,377409.75
2506,455718.75
2507,299730.0
2508,429437.25
2509,470136.5
2510,476432.0
2511,418773.75
2512,551474.0
2513,908587.25
2514,405726.75
2515,436785.75
2516,663548.25
2517,524488.5
2518,447952.25
2519,980483.25
2520,649318.0
2521,1097721.5
2522,345413.25
2523,414618.75
2524,1217436.25
2525,302522.0
2526,738476.25
2527,449174.75
2528,485412.25
2529,890653.5
2530,397870.25
2531,463107.75
2532,501523.25
2533,1718160.75
2534,554488.75
2535,1187355.75
2536,421365.25
2537,552642.0
2538,535013.5
2539,534384.75
2540,654973.0
2541,969410.75
2542,451284.75
2543,896398.0
2544,300931.25
2545,803797.5
2546,435090.75
2547,1114033.0
2548,447576.0
2549,497270.5
2550,318334.75
2551,497395.5
2552,488755.5
2553,472135.25
2554,786108.0
2555,438782.25
2556,286683.25
2557,701858.0
2558,1432421.5
2559,665795.5
2560,716291.0
2561,551537.0
2562,667097.75
2563,224227.25
2564,350257.5
2565,476133.0
2566,1166601.25
2567,608899.0
2568,2131514.0
2569,979288.5
2570,337892.25
2571,334666.75
2572,572942.5
2573,510407.5
2574,406052.75
2575,575649.75
2576,413469.0
2577,282691.5
2578,824239.75
2579,671167.75
2580,680423.25
2581,672848.5
2582,474399.5
2583,301513.0
2584,365633.0
2585,441490.75
2586,1179720.0
2587,527510.5
2588,435854.75
2589,1032940.25
2590,158669.5
2591,968741.25
2592,584243.75
2593,552338.25
2594,297846.0
2595,374833.5
2596,876165.5
2597,823579.75
2598,652042.75
2599,445353.5
2600,612788.0
2601,232455.5
2602,508407.25
2603,277890.25
2604,303246.25
2605,1274915.25
2606,796564.5
2607,548560.0
2608,428785.0
2609,531642.0
2610,283608.75
2611,504880.75
2612,555664.25
2613,401698.5
2614,582057.0
2615,494742.25
2616,629419.5
2617,987873.25
2618,901866.25
2619,525812.0
2620,357486.5
2621,550475.0
2622,674301.25
2623,515484.25
2624,395253.75
2625,484948.25
2626,781551.0
2627,736837.25
2628,362298.5
2629,461055.0
2630,421782.5
2631,365219.25
2632,539564.5
2633,497661.75
2634,335517.25
2635,231994.75
2636,448561.5
2637,316232.75
2638,1648981.5
2639,413555.75
2640,524075.5
2641,425093.25
2642,789515.25
2643,409692.5
2644,422508.0
2645,514869.75
2646,454994.25
2647,525025.75
2648,350385.0
2649,382965.75
2650,645431.5
2651,485514.5
2652,484883.5
2653,323414.0
2654,506263.0
2655,575503.5
2656,867100.75
2657,457895.0
2658,914704.75
2659,441787.25
2660,876941.5
2661,301996.5
2662,474441.75
2663,168425.0
2664,903396.25
2665,705484.5
2666,1588977.75
2667,764717.25
2668,1051066.25
2669,568857.0
2670,341119.25
2671,1645960.25
2672,430780.0
2673,914475.0
2674,700074.25
2675,275826.25
2676,360342.0
2677,525065.75
2678,734601.75
2679,897563.0
2680,554676.25
2681,1335289.0
2682,571106.5
2683,1436728.5
2684,522885.75
2685,226853.0
2686,490292.75
2687,980721.75
2688,469458.75
2689,389067.75
2690,551068.0
2691,1035466.0
2692,826179.0
2693,474175.75
2694,1711878.0
2695,240646.75
2696,848919.0
2697,1223075.75
2698,847752.0
2699,809438.25
2700,513142.25
2701,432373.0
2702,544495.5
2703,394325.5
2704,164206.0
2705,476928.75
2706,384254.25
2707,160933.0
2708,503332.25
2709,865400.75
2710,471064.5
2711,647170.75
2712,440162.5
2713,398216.75
2714,804400.0
2715,1237932.25
2716,374795.25
2717,861819.25
2718,872444.25
2719,615911.5
2720,1470239.25
2721,420254.5
2722,397394.25
2723,289412.5
2724,593362.75
2725,318533.75
2726,654794.0
2727,436744.75
2728,467167.5
2729,899173.25
2730,893139.25
2731,439652.5
2732,364740.25
2733,161694.25
2734,591177.25
2735,1233864.0
2736,482738.75
2737,671318.25
2738,867941.75
2739,423098.75
2740,343016.25
2741,542010.0
2742,704133.75
2743,703744.75
2744,415359.75
2745,701131.75
2746,416891.5
2747,600324.25
2748,578874.75
2749,845521.75
2750,467560.75
2751,777545.25
2752,850144.25
2753,480620.75
2754,452313.0
2755,353608.75
2756,517063.0
2757,849669.75
2758,829441.75
2759,783671.75
2760,576171.75
2761,244314.25
2762,252369.0
2763,497311.75
2764,497311.75
2765,318910.25
2766,499693.75
2767,453912.5
2768,382937.0
2769,513970.5
2770,444244.0
2771,629563.75
2772,677193.75
2773,438742.25
2774,590607.25
2775,490308.0
2776,846751.5
2777,745887.0
2778,544941.0
2779,1331377.25
2780,566833.5
2781,643127.5
2782,1368365.0
2783,565246.25
2784,813571.25
2785,426829.5
2786,336816.0
2787,918122.75
2788,538973.25
2789,458723.5
2790,647448.0
2791,674997.5
2792,573693.0
2793,353351.75
2794,833622.0
2795,1129503.75
2796,541526.0
2797,819799.25
2798,468393.75
2799,594628.75
2800,619891.0
2801,449770.5
2802,1772544.25
2803,526722.25
2804,701588.75
2805,267672.5
2806,2154443.5
2807,450559.25
2808,1076117.0
2809,397642.5
2810,234855.25
2811,771637.75
2812,647840.75
2813,612959.75
2814,711471.25
2815,547079.0
2816,624168.25
2817,443744.75
2818,1007261.25
2819,390915.75
2820,497661.75
2821,337464.25
2822,388036.75
2823,334036.0
2824,671021.5
2825,579500.75
2826,445137.0
2827,625743.5
2828,233139.5
2829,468440.75
2830,627954.25
2831,657145.5
2832,544585.75
2833,465036.75
2834,432910.75
2835,992057.25
2836,970124.5
2837,523339.0
2838,751529.25
2839,818337.75
2840,391976.75
2841,842539.75
2842,615015.0
2843,459006.0
2844,502879.5
2845,253834.0
2846,1035615.0
2847,578516.25
2848,499111.25
2849,329879.25
2850,644805.25
2851,694787.0
2852,557530.0
2853,940737.0
2854,1274467.5
2855,383084.75
2856,327776.75
2857,427735.75
2858,756253.5
2859,591414.75
2860,589614.5
2861,264246.5
2862,1275135.5
2863,374138.25
2864,1650223.75
2865,525193.25
2866,568660.5
2867,729874.0
2868,120514.5
2869,379415.0
2870,274727.0
2871,1077205.75
2872,328767.5
2873,311164.75
2874,396037.75
2875,815666.0
2876,1076833.25
2877,432372.75
2878,1680024.5
2879,527517.0
2880,828578.5
2881,633350.25
2882,732785.75
2883,547409.75
2884,1144757.75
2885,560179.0
2886,503963.25
2887,262322.25
2888,655032.75
2889,581187.75
2890,641879.5
2891,641879.5
2892,388999.0
2893,155333.25
2894,1382863.25
2895,514338.25
2896,566017.0
2897,408046.25
2898,542129.25
2899,916554.0
2900,203315.5
2901,654381.75
2902,441432.75
2903,677365.75
2904,466044.75
2905,621363.5
2906,977481.75
2907,931481.75
2908,907839.75
2909,485643.75
2910,806423.5
2911,557363.0
2912,651729.0
2913,1074865.75
2914,809604.25
2915,857229.25
2916,621524.5
2917,403465.25
2918,496980.5
2919,617228.25
2920,657172.75
2921,337464.0
2922,203642.5
2923,397674.25
2924,615410.0
2925,530802.75
2926,848133.0
2927,314583.5
2928,512623.0
2929,507893.75
2930,90031.75
2931,445000.5
2932,526466.75
2933,625926.0
2934,1503084.25
2935,1046595.0
2936,587741.5
2937,379989.5
2938,542268.5
2939,607650.25
2940,591692.75
2941,486857.5
2942,631945.5
2943,2109756.75
2944,764369.5
2945,810457.0
2946,645223.25
2947,839754.25
2948,799488.0
2949,1062497.75
2950,222503.0
2951,673029.0
2952,391320.75
2953,231307.75
2954,1273442.25
2955,679162.5
2956,505218.25
2957,1422038.75
2958,545198.25
2959,327632.0
2960,884818.75
2961,1036261.75
2962,784323.75
2963,579319.0
2964,338348.0
2965,565876.75
2966,257824.25
2967,1225471.5
2968,666848.75
2969,275748.75
2970,349768.5
2971,781695.75
2972,699118.75
2973,666726.5
2974,671030.75
2975,539115.25
2976,550475.75
2977,1296864.5
2978,535199.75
2979,234652.75
2980,645870.5
2981,365644.0
2982,514574.5
2983,365174.5
2984,289944.75
2985,1114862.25
2986,272564.5
2987,305188.5
2988,881142.5
2989,367020.25
2990,888563.5
2991,529343.75
2992,232513.5
2993,424979.5
2994,306116.0
2995,473079.0
2996,334545.25
2997,308393.75
2998,460290.0
2999,293712.25
3000,1018537.25
3001,215455.5
3002,376175.25
3003,287865.0
3004,272204.25
3005,2195168.5
3006,1313723.0
3007,255389.75
3008,344290.5
3009,347072.25
3010,397250.5
3011,597540.75
3012,797401.0
3013,527254.25
3014,498246.0
3015,854787.5
3016,595918.75
3017,491388.5
3018,506825.75
3019,875102.25
3020,361833.0
3021,446776.5
3022,482755.0
3023,303706.75
3024,172640.75
3025,525602.25
3026,627208.25
3027,626210.5
3028,470352.5
3029,345413.25
3030,435155.25
3031,128756.5
3032,1226594.75
3033,504050.0
3034,267833.0
3035,1894737.25
3036,1545880.0
3037,584527.25
3038,405138.0
3039,358562.0
3040,432967.75
3041,519758.25
3042,529727.0
3043,333723.0
3044,360720.25
3045,454830.0
3046,299391.75
3047,497309.5
3048,345200.75
3049,372259.5
3050,1244924.0
3051,919594.5
3052,1119946.25
3053,720283.0
3054,1026786.25
3055,1156132.5
3056,441165.0
3057,285149.75
3058,280187.5
3059,775245.5
3060,781286.5
3061,549916.5
3062,198115.75
3063,320663.25
3064,443420.75
3065,807141.75
3066,343068.0
3067,947931.0
3068,546638.5
3069,247308.25
3070,315413.75
3071,519085.75
3072,372522.0
3073,698774.75
3074,274890.75
3075,335743.0
3076,722196.25
3077,565384.0
3078,786250.25
3079,1228801.0
3080,789079.25
3081,786719.5
3082,274727.0
3083,722139.75
3084,509759.75
3085,662227.75
3086,717716.25
3087,777692.25
3088,968078.25
3089,501685.25
3090,544017.75
3091,1045481.0
3092,524067.0
3093,470443.5
3094,390109.0
3095,279415.75
3096,121064.25
3097,908193.5
3098,264977.25
3099,447247.5
3100,132165.0
3101,819246.0
3102,700260.5
3103,450923.0
3104,493385.75
3105,134897.75
3106,810972.75
3107,527136.5
3108,352297.0
3109,567641.75
3110,204806.25
3111,314699.25
3112,558556.5
3113,195996.5
3114,713028.75
3115,496744.75
3116,373980.5
3117,1082010.0
3118,549164.75
3119,454264.25
3120,229062.75
3121,770185.75
3122,582508.5
3123,446873.25
3124,640123.0
3125,514646.25
3126,189190.25
3127,647786.25
3128,793076.25
3129,580226.0
3130,524618.25
3131,1003970.5
3132,1404757.25
3133,308976.5
3134,488052.5
3135,1072588.0
3136,963797.75
3137,350024.5
3138,1043681.0
3139,654013.25
3140,725710.5
3141,345542.5
3142,354725.75
3143,814358.25
3144,1332800.5
3145,514707.75
3146,684397.75
3147,450383.5
3148,702730.25
3149,489368.5
3150,232066.25
3151,2087070.0
3152,386190.25
3153,445224.25
3154,374554.25
3155,420730.0
3156,527631.75
3157,352229.5
3158,717502.0
3159,220765.25
3160,657490.25
3161,749533.25
3162,1921679.0
3163,508594.5
3164,464396.25
3165,808962.0
3166,319630.0
3167,811706.5
3168,1138302.5
3169,480086.5
3170,1702185.5
3171,633340.75
3172,316879.5
3173,500369.0
3174,562926.25
3175,683307.25
3176,892929.0
3177,788957.25
3178,1021790.5
3179,617199.5
3180,396329.75
3181,1682454.75
3182,619140.25
3183,644885.0
3184,535946.5
3185,455952.5
3186,533197.75
3187,431649.75
3188,614957.0
3189,255776.75
3190,440713.0
3191,545423.5
3192,387631.5
3193,482535.25
3194,964077.75
3195,421527.0
3196,570283.25
3197,642446.75
3198,1155827.25
3199,1019098.0
3200,309254.0
3201,726472.25
3202,741394.0
3203,899540.0
3204,441912.5
3205,388982.75
3206,692557.75
3207,533959.0
3208,513279.25
3209,1090828.0
3210,1537864.75
3211,967857.75
3212,544224.5
3213,396329.75
3214,428537.5
3215,580160.0
3216,270140.25
3217,163685.0
3218,406560.5
3219,476601.75
3220,486493.0
3221,872444.25
3222,365927.25
3223,455790.25
3224,588856.0
3225,692800.75
3226,535153.0
3227,239803.25
3228,1010998.25
3229,450553.25
3230,835475.75
3231,508430.5
3232,557398.75
3233,522223.25
3234,442135.0
3235,575291.25
3236,768897.5
3237,1782120.75
3238,689998.75
3239,625996.75
3240,913991.75
3241,610771.75
3242,337050.0
3243,211337.0
3244,1052559.5
3245,1281867.0
3246,404393.0
3247,163392.0
3248,423723.25
3249,166808.75
3250,407994.0
3251,365219.25
3252,837914.5
3253,384283.25
3254,606739.0
3255,436371.0
3256,461659.75
3257,482190.0
3258,447501.25
3259,694018.5
3260,170074.0
3261,567778.0
3262,231477.5
3263,420859.75
3264,497217.0
3265,417409.5
3266,494024.5
3267,237100.5
3268,650240.5
3269,381781.75
3270,898156.75
3271,473689.5
3272,427647.75
3273,1576269.0
3274,574544.25
3275,369392.75
3276,368467.5
3277,687450.5
3278,499693.75
3279,1090216.25
3280,695916.75
3281,474576.5
3282,418207.25
3283,223800.75
3284,186750.75
3285,436820.25
3286,426747.0
3287,744961.0
3288,1494252.0
3289,128538.5
3290,261371.5
3291,242490.5
3292,301602.25
3293,808437.5
3294,498297.75
3295,702894.0
3296,744845.25
3297,757753.75
3298,358339.5
3299,511471.5
3300,750791.5
3301,196132.75
3302,1056294.0
3303,930642.0
3304,565983.75
3305,416850.5
3306,839364.0
3307,469412.75
3308,409993.25
3309,464687.5
3310,445716.25
3311,464804.5
3312,699466.25
3313,253003.0
3314,197240.25
3315,349578.25
3316,303374.25
3317,847927.0
3318,849180.75
3319,797247.25
3320,336817.25
3321,628533.0
3322,335616.5
3323,335616.5
3324,329805.0
3325,421940.75
3326,346523.75
3327,263008.75
3328,748125.25
3329,983551.0
3330,1100503.5
3331,445224.25
3332,669193.25
3333,1508033.0
3334,584664.0
3335,1082223.75
3336,468364.75
3337,437483.5
3338,337358.0
3339,354227.5
3340,174445.25
3341,416979.75
3342,700598.75
3343,484834.75
3344,429810.75
3345,916701.0
3346,289457.25
3347,207614.0
3348,189103.5
3349,507075.25
3350,929049.5
3351,413134.75
3352,456249.25
3353,725737.75
3354,625743.5
3355,781069.0
3356,816778.5
3357,460507.25
3358,558177.75
3359,363152.25
3360,554360.75
3361,831943.0
3362,595893.75
3363,389620.0
3364,334981.75
3365,830798.75
3366,671116.5
3367,447576.0
3368,712847.75
3369,429682.25
3370,333830.5
3371,1029578.0
3372,508018.5
3373,336391.25
3374,1641322.0
3375,370617.0
3376,803009.25
3377,493782.75
3378,402029.75
3379,563324.5
3380,563324.5
3381,297090.75
3382,554066.0
3383,478207.25
3384,1184273.5
3385,617079.0
3386,921359.5
3387,161523.5
3388,338348.0
3389,841340.0
3390,209372.75
3391,975432.75
3392,961978.25
3393,469993.75
3394,626640.75
3395,1042766.25
3396,233079.5
3397,428915.5
3398,453709.0
3399,169982.5
3400,268246.25
3401,690799.75
3402,505721.0
3403,607114.75
3404,537921.25
3405,770942.75
3406,590925.75
3407,310403.25
3408,603669.5
3409,326278.0
3410,689805.5
3411,395496.25
3412,360469.5
3413,876758.0
3414,524262.75
3415,362070.75
3416,248800.25
3417,592060.25
3418,234242.0
3419,430695.5
3420,504320.0
3421,582152.5
3422,670758.0
3423,644088.75
3424,331341.75
3425,454251.25
3426,446006.75
3427,262806.75
3428,454355.25
3429,592272.25
3430,258817.75
3431,540788.0
3432,830303.5
3433,448830.0
3434,524128.5
3435,468393.75
3436,905096.75
3437,238151.5
3438,336452.75
3439,1133768.25
3440,536221.5
3441,379391.75
3442,556532.5
3443,596028.0
3444,353431.25
3445,372826.5
3446,191582.25
3447,406966.0
3448,1042162.75
3449,669878.75
3450,441662.75
3451,296531.5
3452,681378.5
3453,397870.25
3454,198123.25
3455,681584.0
3456,404262.75
3457,237539.0
3458,593914.5
3459,248490.25
3460,350821.25
3461,965032.5
3462,271959.0
3463,668638.0
3464,816839.0
3465,826880.25
3466,242130.5
3467,448194.75
3468,407520.0
3469,250618.25
3470,854405.25
3471,786560.25
3472,926622.25
3473,613221.75
3474,333130.0
3475,899652.0
3476,479883.75
3477,2183182.0
3478,539990.5
3479,972825.75
3480,697561.5
3481,746107.5
3482,494085.25
3483,380089.5
3484,466840.0
3485,775103.0
3486,896269.75
3487,145901.75
3488,487731.5
3489,192173.5
3490,192173.5
3491,286667.75
3492,683304.25
3493,570367.75
3494,630032.5
3495,544437.5
3496,434950.5
3497,611674.0
3498,426718.0
3499,645280.0
3500,397139.25
3501,796152.5
3502,794132.75
3503,577333.75
3504,809349.5
3505,431024.25
3506,177348.5
3507,305862.5
3508,528887.0
3509,402402.25
3510,379498.75
3511,676315.25
3512,441920.0
3513,610298.0
3514,489400.25
3515,473203.5
3516,353503.0
3517,231811.0
3518,226417.0
3519,1341713.75
3520,347667.0
3521,365189.0
3522,429597.5
3523,1163219.75
3524,272654.25
3525,680539.0
3526,863100.75
3527,459139.75
3528,970789.75
3529,316010.5
3530,495378.25
3531,820512.25
3532,768742.5
3533,1282454.0
3534,1300086.75
3535,443420.75
3536,775555.0
3537,400960.75
3538,823892.25
3539,691169.0
3540,1576037.5
3541,438782.25
3542,419285.0
3543,348036.25
3544,312668.5
3545,573029.25
3546,440088.75
3547,653721.5
3548,1222262.25
3549,236971.25
3550,769237.5
3551,1204938.25
3552,553204.0
3553,977476.75
3554,629248.75
3555,385241.0
3556,445087.5
3557,532413.0
3558,267954.5
3559,327722.0
3560,531647.5
3561,390271.0
3562,967201.0
3563,320391.25
3564,927507.5
3565,407994.0
3566,473078.25
3567,518635.25
3568,335082.75
3569,421540.0
3570,611037.0
3571,661721.25
3572,385993.25
3573,638205.75
3574,1128177.0
3575,810476.25
3576,792856.75
3577,137744.0
3578,485870.5
3579,379628.0
3580,487838.75
3581,1164923.0
3582,875891.25
3583,569133.25
3584,1039434.5
3585,575593.0
3586,312563.0
3587,551623.0
3588,292002.0
3589,349826.5
3590,526495.75
3591,587317.25
3592,825962.75
3593,413498.0
3594,352689.0
3595,557420.75
3596,496494.5
3597,478806.0
3598,472538.75
3599,399647.25
3600,600187.25
3601,477640.75
3602,794578.0
3603,444971.75
3604,799213.5
3605,854109.0
3606,169739.25
3607,1751265.0
3608,869029.0
3609,330564.25
3610,248011.0
3611,432635.5
3612,870475.75
3613,289869.0
3614,474309.75
3615,612721.5
3616,243485.75
3617,280306.0
3618,364207.0
3619,542500.25
3620,239407.5
3621,602078.75
3622,374471.5
3623,315698.25
3624,547234.0
3625,304077.0
3626,687848.5
3627,754006.0
3628,388809.75
3629,395593.0
3630,1095461.25
3631,951969.75
3632,508430.5
3633,1575255.75
3634,251972.25
3635,281915.5
3636,785631.0
3637,722047.25
3638,450889.5
3639,794950.25
3640,543401.5
3641,190203.75
3642,172352.25
3643,1139278.25
3644,958256.5
3645,591177.25
3646,402896.5
3647,509025.25
3648,546759.75
3649,1042763.25
3650,954891.75
3651,469330.75
3652,386335.0
3653,326185.5
3654,888570.0
3655,762596.25
3656,243907.5
3657,405876.75
3658,509689.25
3659,467108.0
3660,831006.75
3661,1027394.5
3662,469479.25
3663,593443.25
3664,603834.0
3665,447716.0
3666,686900.75
3667,468190.0
3668,233474.25
3669,545579.75
3670,421028.5
3671,428317.5
3672,51748.5
3673,358999.0
3674,611992.5
3675,257363.25
3676,1067381.25
3677,863310.0
3678,389203.25
3679,97251.0
3680,460218.5
3681,534065.0
3682,461885.25
3683,1186070.0
3684,691029.75
3685,920136.0
3686,660815.25
3687,296917.25
3688,284691.75
3689,282102.0
3690,486417.5
3691,921792.75
3692,941508.25
3693,245303.25
3694,550332.25
3695,355477.75
3696,390915.75
3697,558199.0
3698,978969.0
3699,576060.5
3700,535124.0
3701,1243401.0
3702,522086.25
3703,667215.5
3704,757694.25
3705,454264.25
3706,1369611.5
3707,824748.25
3708,818366.75
3709,328709.75
3710,486812.25
3711,686577.25
3712,433079.75
3713,546565.75
3714,314699.25
3715,429653.25
3716,398929.5
3717,515502.0
3718,696490.75
3719,957407.0
3720,352297.0
3721,677076.0
3722,621851.5
3723,920850.25
3724,237940.0
3725,280435.5
3726,395429.0
3727,727507.5
3728,295191.75
3729,447377.0
3730,519521.75
3731,335336.0
3732,629168.25
3733,213617.5
3734,959826.0
3735,711028.5
3736,528576.75
3737,473411.25
3738,271743.75
3739,332343.25
3740,894431.0
3741,464782.0
3742,476760.75
3743,1098913.5
3744,595212.75
3745,566470.75
3746,782304.75
3747,307886.5
3748,234080.5
3749,532769.75
3750,2638523.25
3751,402040.25
3752,262402.0
3753,363215.0
3754,413847.25
3755,520432.25
3756,362470.5
3757,283377.25
3758,481710.75
3759,986495.75
3760,2076682.25
3761,470085.5
3762,880718.25
3763,680624.25
3764,840862.5
3765,628212.5
3766,188317.75
3767,1081304.0
3768,353836.75
3769,604302.0
3770,721322.75
3771,293596.5
3772,709590.0
3773,563285.25
3774,774368.25
3775,269584.5
3776,747823.25
3777,273491.5
3778,400057.5
3779,478063.25
3780,184206.25
3781,858911.25
3782,735505.75
3783,596786.5
3784,540021.0
3785,649161.5
3786,435956.5
3787,441863.75
3788,330094.75
3789,200120.25
3790,391461.5
3791,469219.25
3792,1022307.5
3793,502992.0
3794,673821.75
3795,796533.75
3796,274534.0
3797,72083.25
3798,576355.0
3799,425105.0
3800,782306.0
3801,638411.5
3802,239093.75
3803,232776.0
3804,510693.75
3805,235088.5
3806,586710.5
3807,882169.0
3808,860536.25
3809,365519.0
3810,656744.5
3811,305222.75
3812,713935.25
3813,793006.75
3814,882945.75
3815,1154589.0
3816,395131.5
3817,328385.75
3818,408145.5
3819,379391.75
3820,445313.25
3821,596566.25
3822,590343.25
3823,365248.0
3824,1030100.25
3825,330400.25
3826,538619.5
3827,279862.0
3828,705378.75
3829,747549.25
3830,1017942.75
3831,478865.5
3832,623677.75
3833,562501.0
3834,220780.0
3835,547954.5
3836,614986.0
3837,418378.75
3838,904945.25
3839,244716.0
3840,612095.75
3841,649492.75
3842,255703.0
3843,559359.25
3844,386748.5
3845,326851.5
3846,492500.75
3847,256017.5
3848,527096.25
3849,182194.25
3850,161694.25
3851,1278925.75
3852,1027523.75
3853,933066.0
3854,899688.25
3855,842854.25
3856,589111.0
3857,707809.5
3858,1836695.0
3859,1100472.0
3860,1178531.0
3861,108900.75
3862,456421.0
3863,717552.75
3864,1119025.25
3865,439817.0
3866,388071.0
3867,654474.75
3868,944055.5
3869,464437.0
3870,387506.25
3871,588354.5
3872,940177.25
3873,806302.0
3874,317736.75
3875,597784.25
3876,1457365.75
3877,108922.75
3878,689732.25
3879,916756.25
3880,254040.75
3881,696997.25
3882,656572.0
3883,818366.75
3884,623100.0
3885,896123.25
3886,644339.0
3887,514416.25
3888,943165.75
3889,802441.25
3890,273403.25
3891,751320.75
3892,162741.0
3893,414693.0
3894,497259.5
3895,317640.75
3896,720943.25
3897,302222.25
3898,573801.5
3899,455201.0
3900,656374.5
3901,508301.25
3902,631667.75
3903,636335.0
3904,372826.0
3905,499931.0
3906,878492.5
3907,473499.75
3908,472903.0
3909,524125.0
3910,657146.75
3911,1731857.75
3912,543802.25
3913,507836.5
3914,767168.5
3915,539565.0
3916,589194.25
3917,814000.25
3918,1058987.5
3919,377357.0
3920,559802.75
3921,290381.75
3922,579965.75
3923,1164923.0
3924,679959.0
3925,289350.5
3926,391785.5
3927,403171.5
3928,408766.0
3929,945331.0
3930,381255.75
3931,194662.25
3932,372270.0
3933,485467.75
3934,468653.5
3935,573801.5
3936,350804.5
3937,1022193.75
3938,336299.25
3939,549160.0
3940,427545.5
3941,466836.25
3942,262438.5
3943,619256.0
3944,675915.75
3945,827254.75
3946,272746.25
3947,961318.5
3948,153445.25
3949,359744.0
3950,649573.75
3951,383597.0
3952,400087.75
3953,780998.5
3954,612171.5
3955,460722.5
3956,644716.75
3957,582941.25
3958,835877.25
3959,531193.5
3960,494969.0
3961,529127.25
3962,487840.0
3963,589886.0
3964,796911.75
3965,606344.75
3966,232950.25
3967,596508.25
3968,1408475.75
3969,611701.5
3970,655510.75
3971,813660.0
3972,620803.5
3973,470233.0
3974,537475.0
3975,568342.25
3976,481525.25
3977,430071.5
3978,445803.25
3979,454730.75
3980,328403.5
3981,365118.75
3982,351339.25
3983,705793.75
3984,624902.75
3985,1199135.75
3986,237267.75
3987,373105.75
3988,428350.25
3989,186900.5
3990,846225.75
3991,440989.5
3992,619222.5
3993,1228803.0
3994,587721.75
3995,208335.5
3996,289499.75
3997,451089.75
3998,675657.75
3999,429255.25
4000,473204.25
4001,484311.5
4002,217794.5
4003,362183.25
4004,747420.0
4005,194021.25
4006,501531.25
4007,497560.0
4008,511558.25
4009,312542.0
4010,450274.5
4011,676460.5
4012,538323.5
4013,190553.5
4014,934837.5
4015,499693.75
4016,588731.0
4017,380034.25
4018,533383.5
4019,418001.0
4020,1629107.5
4021,541365.25
4022,499408.25
4023,555187.75
4024,624817.75
4025,411151.0
4026,1534901.5
4027,764688.5
4028,801485.0
4029,483044.0
4030,755789.0
4031,1094893.5
4032,816681.25
4033,908656.0
4034,385112.0
4035,678219.5
4036,250633.0
4037,855739.25
4038,963898.75
4039,515638.25
4040,757515.0
4041,414421.75
4042,353310.5
4043,1655869.25
4044,385494.5
4045,306227.75
4046,672667.5
4047,450383.5
4048,383918.0
4049,528986.5
4050,386431.75
4051,794610.0
4052,654040.25
4053,424594.5
4054,1410757.0
4055,650365.25
4056,692312.25
4057,385964.5
4058,612902.5
4059,365735.5
4060,872243.0
4061,132846.0
4062,561100.5
4063,698503.25
4064,698790.75
4065,961977.5
4066,385444.0
4067,825358.25
4068,535209.0
4069,799076.75
4070,188014.0
4071,834623.0
4072,405827.0
4073,406728.75
4074,448830.0
4075,282849.75
4076,389821.75
4077,728191.75
4078,1828396.75
4079,556534.25
4080,509640.5
4081,384915.25
4082,1413299.0
4083,504337.25
4084,665428.25
4085,807269.5
4086,437820.25
4087,432758.75
4088,359971.5
4089,447143.75
4090,527142.75
4091,291111.5
4092,566795.0
4093,1691785.0
4094,561813.25
4095,416979.75
4096,264059.5
4097,244716.0
4098,293410.0
4099,413319.25
4100,444624.75
4101,354181.25
4102,326759.75
4103,328562.0
4104,973026.5
4105,784979.25
4106,673745.75
4107,385565.75
4108,371678.75
4109,767351.5
4110,305486.75
4111,504173.5
4112,383930.0
4113,669499.25
4114,349405.75
4115,414333.5
4116,445253.0
4117,337278.25
4118,531708.0
4119,424506.0
4120,796493.25
4121,302511.5
4122,337464.0
4123,805047.0
4124,1078041.75
4125,372317.25
4126,465877.75
4127,564333.75
4128,769544.5
4129,588492.5
4130,240745.75
4131,488547.0
4132,415836.5
4133,571094.25
4134,1200522.25
4135,1015302.5
4136,1065675.25
4137,456730.5
4138,447780.5
4139,245779.5
4140,537749.25
4141,845110.75
4142,625076.75
4143,580976.75
4144,621126.25
4145,519853.25
4146,469008.0
4147,362036.25
4148,540566.0
4149,478110.25
4150,413527.0
4151,997626.25
4152,527964.25
4153,350717.75
4154,508542.0
4155,532714.75
4156,378483.75
4157,357961.25
4158,371752.5
4159,671632.75
4160,676663.75
4161,239726.5
4162,315223.25
4163,352257.25
4164,425909.5
4165,523218.5
4166,373076.75
4167,600828.25
4168,642990.0
4169,550275.5
4170,1189111.25
4171,584647.0
4172,484773.25
4173,367501.0
4174,550352.75
4175,918937.0
4176,553265.0
4177,1903492.0
4178,717149.5
4179,907197.75
4180,198081.75
4181,671805.75
4182,442696.0
4183,1565756.0
4184,437670.75
4185,255576.75
4186,649877.0
4187,1005508.0
4188,662054.0
4189,358871.0
4190,507155.75
4191,419254.25
4192,642479.25
4193,585533.5
4194,1023102.75
4195,1403775.75
4196,1231041.0
4197,700571.75
4198,783906.25
4199,390915.75
4200,477583.0
4201,456681.5
4202,467653.5
4203,596614.75
4204,1002649.25
4205,673873.0
4206,813673.75
4207,334420.5
4208,514646.25
4209,966258.25
4210,570781.0
4211,1079638.0
4212,631702.25
4213,690968.5
4214,821888.5
4215,1290760.0
4216,1932098.25
4217,468393.75
4218,526164.0
4219,609693.25
4220,488151.25
4221,548862.5
4222,388925.0
4223,577502.75
4224,2170979.0
4225,961386.75
4226,445749.5
4227,501436.5
4228,526164.0
4229,310236.5
4230,1257659.5
4231,1269959.0
4232,531942.25
4233,492621.25
4234,938237.25
4235,1158783.25
4236,185711.5
4237,589486.25
4238,593209.5
4239,923739.0
4240,1949549.0
4241,295684.25
4242,1205301.75
4243,1175521.25
4244,674939.5
4245,347629.5
4246,289038.5
4247,425855.25
4248,402273.5
4249,531573.25
4250,1177857.25
4251,417649.0
4252,683667.5
4253,379705.75
4254,590370.25
4255,370762.75
4256,667115.25
4257,380640.5
4258,485630.5
4259,337464.25
4260,196444.25
4261,1196393.25
4262,729127.75
4263,327776.75
4264,502160.5
4265,497309.5
4266,480995.25
4267,695567.75
4268,596343.25
4269,365617.25
4270,718550.0
4271,1087320.25
4272,537418.75
4273,439140.25
4274,639096.0
4275,375135.0
4276,749622.25
4277,567314.25
4278,1567521.0
4279,390915.75
4280,310319.25
4281,505333.75
4282,170045.0
4283,673161.0
4284,589276.75
4285,565320.5
4286,2081116.25
4287,514200.0
4288,301977.5
4289,925607.25
4290,607238.5
4291,607238.5
4292,512920.5
4293,526722.25
4294,419665.5
4295,259899.75
4296,538696.0
4297,383919.0
4298,445371.0
4299,472030.75
4300,951557.75
4301,534151.25
4302,423173.0
4303,1155027.75
4304,437553.0
4305,623907.75
4306,774569.5
4307,1262795.5
4308,723668.5
4309,1032073.0
4310,1840006.0
4311,346976.5
4312,262921.25
4313,434805.75
4314,439623.5
4315,508942.75
4316,853960.75
4317,491729.25
4318,540021.0
4319,465702.75
4320,288142.5
4321,396938.5
4322,288798.5
